 ,Index,Name,Type,Group,X,Y,Width,Height,Points,Color,Fill,LWidth,Pos,C,Z,T
1,0,null,Point,none,121,106,1,1,1,red,none,0,1,0,1,0
2,1,null,Point,none,128,111,1,1,1,red,none,0,1,0,1,0
3,2,null,Point,none,120,114,1,1,1,red,none,0,1,0,1,0
4,3,null,Point,none,113,112,1,1,1,red,none,0,1,0,1,0
5,4,null,Point,none,120,99,1,1,1,red,none,0,1,0,1,0
6,5,null,Point,none,128,101,1,1,1,red,none,0,1,0,1,0
7,6,null,Point,none,130,126,1,1,1,red,none,0,1,0,1,0
8,7,null,Point,none,136,102,1,1,1,red,none,0,1,0,1,0
9,8,null,Point,none,133,117,1,1,1,red,none,0,1,0,1,0
10,9,null,Point,none,113,128,1,1,1,red,none,0,1,0,1,0
11,10,null,Point,none,105,125,1,1,1,red,none,0,1,0,1,0
12,11,null,Point,none,99,111,1,1,1,red,none,0,1,0,1,0
13,12,null,Point,none,104,97,1,1,1,red,none,0,1,0,1,0
14,13,null,Point,none,108,89,1,1,1,red,none,0,1,0,1,0
15,14,null,Point,none,117,90,1,1,1,red,none,0,1,0,1,0
16,15,null,Point,none,133,94,1,1,1,red,none,0,1,0,1,0
17,16,null,Point,none,145,123,1,1,1,red,none,0,1,0,1,0
18,17,null,Point,none,133,134,1,1,1,red,none,0,1,0,1,0
19,18,null,Point,none,96,127,1,1,1,red,none,0,1,0,1,0
20,19,null,Point,none,87,109,1,1,1,red,none,0,1,0,1,0
21,20,null,Point,none,143,106,1,1,1,red,none,0,1,0,1,0
22,21,null,Point,none,148,113,1,1,1,red,none,0,1,0,1,0
23,22,null,Point,none,133,142,1,1,1,red,none,0,1,0,1,0
24,23,null,Point,none,113,142,1,1,1,red,none,0,1,0,1,0
25,24,null,Point,none,102,132,1,1,1,red,none,0,1,0,1,0
26,25,null,Point,none,87,96,1,1,1,red,none,0,1,0,1,0
27,26,null,Point,none,118,82,1,1,1,red,none,0,1,0,1,0
28,27,null,Point,none,149,130,1,1,1,red,none,0,1,0,1,0
29,28,null,Point,none,90,122,1,1,1,red,none,0,1,0,1,0
30,29,null,Point,none,82,102,1,1,1,red,none,0,1,0,1,0
31,30,null,Point,none,100,88,1,1,1,red,none,0,1,0,1,0
32,31,null,Point,none,129,80,1,1,1,red,none,0,1,0,1,0
33,32,null,Point,none,143,87,1,1,1,red,none,0,1,0,1,0
34,33,null,Point,none,152,120,1,1,1,red,none,0,1,0,1,0
35,34,null,Point,none,140,143,1,1,1,red,none,0,1,0,1,0
36,35,null,Point,none,95,135,1,1,1,red,none,0,1,0,1,0
37,36,null,Point,none,153,93,1,1,1,red,none,0,1,0,1,0
38,37,null,Point,none,151,106,1,1,1,red,none,0,1,0,1,0
39,38,null,Point,none,136,150,1,1,1,red,none,0,1,0,1,0
40,39,null,Point,none,121,153,1,1,1,red,none,0,1,0,1,0
41,40,null,Point,none,107,147,1,1,1,red,none,0,1,0,1,0
42,41,null,Point,none,99,147,1,1,1,red,none,0,1,0,1,0
43,42,null,Point,none,89,130,1,1,1,red,none,0,1,0,1,0
44,43,null,Point,none,72,113,1,1,1,red,none,0,1,0,1,0
45,44,null,Point,none,84,88,1,1,1,red,none,0,1,0,1,0
46,45,null,Point,none,102,80,1,1,1,red,none,0,1,0,1,0
47,46,null,Point,none,114,75,1,1,1,red,none,0,1,0,1,0
48,47,null,Point,none,136,80,1,1,1,red,none,0,1,0,1,0
49,48,null,Point,none,156,127,1,1,1,red,none,0,1,0,1,0
50,49,null,Point,none,157,143,1,1,1,red,none,0,1,0,1,0
51,50,null,Point,none,74,104,1,1,1,red,none,0,1,0,1,0
52,51,null,Point,none,87,80,1,1,1,red,none,0,1,0,1,0
53,52,null,Point,none,134,73,1,1,1,red,none,0,1,0,1,0
54,53,null,Point,none,149,79,1,1,1,red,none,0,1,0,1,0
55,54,null,Point,none,164,112,1,1,1,red,none,0,1,0,1,0
56,55,null,Point,none,152,151,1,1,1,red,none,0,1,0,1,0
57,56,null,Point,none,104,154,1,1,1,red,none,0,1,0,1,0
58,57,null,Point,none,93,143,1,1,1,red,none,0,1,0,1,0
59,58,null,Point,none,75,127,1,1,1,red,none,0,1,0,1,0
60,59,null,Point,none,66,91,1,1,1,red,none,0,1,0,1,0
61,60,null,Point,none,161,95,1,1,1,red,none,0,1,0,1,0
62,61,null,Point,none,147,164,1,1,1,red,none,0,1,0,1,0
63,62,null,Point,none,138,165,1,1,1,red,none,0,1,0,1,0
64,63,null,Point,none,124,160,1,1,1,red,none,0,1,0,1,0
65,64,null,Point,none,69,121,1,1,1,red,none,0,1,0,1,0
66,65,null,Point,none,71,82,1,1,1,red,none,0,1,0,1,0
67,66,null,Point,none,84,67,1,1,1,red,none,0,2,0,2,0
68,67,null,Point,none,99,61,1,1,1,red,none,0,1,0,1,0
69,68,null,Point,none,115,60,1,1,1,red,none,0,1,0,1,0
70,69,null,Point,none,136,65,1,1,1,red,none,0,1,0,1,0
71,70,null,Point,none,165,82,1,1,1,red,none,0,1,0,1,0
72,71,null,Point,none,163,103,1,1,1,red,none,0,1,0,1,0
73,72,null,Point,none,167,119,1,1,1,red,none,0,1,0,1,0
74,73,null,Point,none,169,133,1,1,1,red,none,0,1,0,1,0
75,74,null,Point,none,171,147,1,1,1,red,none,0,1,0,1,0
76,75,null,Point,none,107,161,1,1,1,red,none,0,1,0,1,0
77,76,null,Point,none,90,150,1,1,1,red,none,0,1,0,1,0
78,77,null,Point,none,79,139,1,1,1,red,none,0,1,0,1,0
79,78,null,Point,none,66,107,1,1,1,red,none,0,1,0,1,0
80,79,null,Point,none,81,74,1,1,1,red,none,0,1,0,1,0
81,80,null,Point,none,122,62,1,1,1,red,none,0,1,0,1,0
82,81,null,Point,none,154,73,1,1,1,red,none,0,1,0,1,0
83,82,null,Point,none,166,156,1,1,1,red,none,0,1,0,1,0
84,83,null,Point,none,157,168,1,1,1,red,none,0,1,0,1,0
85,84,null,Point,none,140,176,1,1,1,red,none,0,3,0,3,0
86,85,null,Point,none,99,162,1,1,1,red,none,0,2,0,2,0
87,86,null,Point,none,67,136,1,1,1,red,none,0,2,0,2,0
88,87,null,Point,none,59,95,1,1,1,red,none,0,1,0,1,0
89,88,null,Point,none,56,88,1,1,1,red,none,0,1,0,1,0
90,89,null,Point,none,130,61,1,1,1,red,none,0,1,0,1,0
91,90,null,Point,none,163,74,1,1,1,red,none,0,2,0,2,0
92,91,null,Point,none,171,105,1,1,1,red,none,0,1,0,1,0
93,92,null,Point,none,135,172,1,1,1,red,none,0,2,0,2,0
94,93,null,Point,none,112,167,1,1,1,red,none,0,2,0,2,0
95,94,null,Point,none,78,147,1,1,1,red,none,0,2,0,2,0
96,95,null,Point,none,62,123,1,1,1,red,none,0,2,0,2,0
97,96,null,Point,none,66,77,1,1,1,red,none,0,2,0,2,0
98,97,null,Point,none,93,58,1,1,1,red,none,0,2,0,2,0
99,98,null,Point,none,108,57,1,1,1,red,none,0,2,0,2,0
100,99,null,Point,none,170,78,1,1,1,red,none,0,2,0,2,0
101,100,null,Point,none,172,85,1,1,1,red,none,0,2,0,2,0
102,101,null,Point,none,176,119,1,1,1,red,none,0,1,0,1,0
103,102,null,Point,none,177,132,1,1,1,red,none,0,1,0,1,0
104,103,null,Point,none,179,145,1,1,1,red,none,0,2,0,2,0
105,104,null,Point,none,180,153,1,1,1,red,none,0,2,0,2,0
106,105,null,Point,none,155,178,1,1,1,red,none,0,4,0,4,0
107,106,null,Point,none,104,167,1,1,1,red,none,0,3,0,3,0
108,107,null,Point,none,89,157,1,1,1,red,none,0,2,0,2,0
109,108,null,Point,none,57,117,1,1,1,red,none,0,2,0,2,0
110,109,null,Point,none,51,94,1,1,1,red,none,0,2,0,2,0
111,110,null,Point,none,72,66,1,1,1,red,none,0,4,0,4,0
112,111,null,Point,none,115,53,1,1,1,red,none,0,2,0,2,0
113,112,null,Point,none,146,56,1,1,1,red,none,0,3,0,3,0
114,113,null,Point,none,177,101,1,1,1,red,none,0,2,0,2,0
115,114,null,Point,none,171,162,1,1,1,red,none,0,1,0,1,0
116,115,null,Point,none,147,178,1,1,1,red,none,0,4,0,4,0
117,116,null,Point,none,132,177,1,1,1,red,none,0,4,0,4,0
118,117,null,Point,none,70,149,1,1,1,red,none,0,4,0,4,0
119,118,null,Point,none,60,140,1,1,1,red,none,0,5,0,5,0
120,119,null,Point,none,47,106,1,1,1,red,none,0,3,0,3,0
121,120,null,Point,none,57,81,1,1,1,red,none,0,2,0,2,0
122,121,null,Point,none,158,61,1,1,1,red,none,0,4,0,4,0
123,122,null,Point,none,164,66,1,1,1,red,none,0,3,0,3,0
124,123,null,Point,none,183,111,1,1,1,red,none,0,3,0,3,0
125,124,null,Point,none,169,173,1,1,1,red,none,0,4,0,4,0
126,125,null,Point,none,123,176,1,1,1,red,none,0,4,0,4,0
127,126,null,Point,none,110,172,1,1,1,red,none,0,4,0,4,0
128,127,null,Point,none,97,171,1,1,1,red,none,0,6,0,6,0
129,128,null,Point,none,81,157,1,1,1,red,none,0,4,0,4,0
130,129,null,Point,none,52,127,1,1,1,red,none,0,5,0,5,0
131,130,null,Point,none,60,75,1,1,1,red,none,0,3,0,3,0
132,131,null,Point,none,75,60,1,1,1,red,none,0,6,0,6,0
133,132,null,Point,none,91,54,1,1,1,red,none,0,4,0,4,0
134,133,null,Point,none,98,52,1,1,1,red,none,0,4,0,4,0
135,134,null,Point,none,114,49,1,1,1,red,none,0,5,0,5,0
136,135,null,Point,none,140,48,1,1,1,red,none,0,5,0,5,0
137,136,null,Point,none,176,80,1,1,1,red,none,0,4,0,4,0
138,137,null,Point,none,178,88,1,1,1,red,none,0,4,0,4,0
139,138,null,Point,none,183,118,1,1,1,red,none,0,3,0,3,0
140,139,null,Point,none,185,132,1,1,1,red,none,0,3,0,3,0
141,140,null,Point,none,185,149,1,1,1,red,none,0,4,0,4,0
142,141,null,Point,none,184,157,1,1,1,red,none,0,4,0,4,0
143,142,null,Point,none,182,165,1,1,1,red,none,0,4,0,4,0
144,143,null,Point,none,159,182,1,1,1,red,none,0,6,0,6,0
145,144,null,Point,none,85,162,1,1,1,red,none,0,5,0,5,0
146,145,null,Point,none,48,121,1,1,1,red,none,0,5,0,5,0
147,146,null,Point,none,40,95,1,1,1,red,none,0,5,0,5,0
148,147,null,Point,none,43,87,1,1,1,red,none,0,5,0,5,0
149,148,null,Point,none,67,65,1,1,1,red,none,0,6,0,6,0
150,149,null,Point,none,121,51,1,1,1,red,none,0,4,0,4,0
151,150,null,Point,none,153,55,1,1,1,red,none,0,4,0,4,0
152,151,null,Point,none,183,103,1,1,1,red,none,0,4,0,4,0
153,152,null,Point,none,149,185,1,1,1,red,none,0,7,0,7,0
154,153,null,Point,none,143,183,1,1,1,red,none,0,6,0,6,0
155,154,null,Point,none,68,153,1,1,1,red,none,0,7,0,7,0
156,155,null,Point,none,42,117,1,1,1,red,none,0,6,0,6,0
157,156,null,Point,none,48,81,1,1,1,red,none,0,4,0,4,0
158,157,null,Point,none,127,48,1,1,1,red,none,0,5,0,5,0
159,158,null,Point,none,170,65,1,1,1,red,none,0,5,0,5,0
160,159,null,Point,none,173,178,1,1,1,red,none,0,5,0,5,0
161,160,null,Point,none,164,60,1,1,1,red,none,0,5,0,5,0
162,161,null,Point,none,188,116,1,1,1,red,none,0,4,0,4,0
163,162,null,Point,none,189,161,1,1,1,red,none,0,5,0,5,0
164,163,null,Point,none,122,180,1,1,1,red,none,0,6,0,6,0
165,164,null,Point,none,190,138,1,1,1,red,none,0,5,0,5,0
166,165,null,Point,none,190,154,1,1,1,red,none,0,5,0,5,0
167,166,null,Point,none,129,181,1,1,1,red,none,0,5,0,5,0
168,167,null,Point,none,79,161,1,1,1,red,none,0,6,0,6,0
169,168,null,Point,none,47,76,1,1,1,red,none,0,6,0,6,0
170,169,null,Point,none,175,72,1,1,1,red,none,0,5,0,5,0
171,170,null,Point,none,182,84,1,1,1,red,none,0,5,0,5,0
172,171,null,Point,none,191,130,1,1,1,red,none,0,5,0,5,0
173,172,null,Point,none,178,172,1,1,1,red,none,0,5,0,5,0
174,173,null,Point,none,188,93,1,1,1,red,none,0,7,0,7,0
175,174,null,Point,none,156,186,1,1,1,red,none,0,8,0,8,0
176,175,null,Point,none,95,174,1,1,1,red,none,0,8,0,8,0
177,176,null,Point,none,36,100,1,1,1,red,none,0,6,0,6,0
178,177,null,Point,none,80,55,1,1,1,red,none,0,7,0,7,0
179,178,null,Point,none,95,50,1,1,1,red,none,0,6,0,6,0
180,179,null,Point,none,113,46,1,1,1,red,none,0,7,0,7,0
181,180,null,Point,none,178,180,1,1,1,red,none,0,7,0,7,0
182,181,null,Point,none,42,81,1,1,1,red,none,0,6,0,6,0
183,182,null,Point,none,59,68,1,1,1,red,none,0,7,0,7,0
184,183,null,Point,none,134,46,1,1,1,red,none,0,6,0,6,0
185,184,null,Point,none,152,51,1,1,1,red,none,0,6,0,6,0
186,185,null,Point,none,188,108,1,1,1,red,none,0,5,0,5,0
187,186,null,Point,none,192,122,1,1,1,red,none,0,6,0,6,0
188,187,null,Point,none,164,186,1,1,1,red,none,0,8,0,8,0
189,188,null,Point,none,90,170,1,1,1,red,none,0,8,0,8,0
190,189,null,Point,none,175,65,1,1,1,red,none,0,7,0,7,0
191,190,null,Point,none,195,142,1,1,1,red,none,0,7,0,7,0
192,191,null,Point,none,108,179,1,1,1,red,none,0,8,0,8,0
193,192,null,Point,none,70,60,1,1,1,red,none,0,8,0,8,0
194,193,null,Point,none,183,175,1,1,1,red,none,0,6,0,6,0
195,194,null,Point,none,63,150,1,1,1,red,none,0,8,0,8,0
196,195,null,Point,none,42,77,1,1,1,red,none,0,8,0,8,0
197,196,null,Point,none,184,78,1,1,1,red,none,0,8,0,8,0
198,197,null,Point,none,199,132,1,1,1,red,none,0,9,0,9,0
199,198,null,Point,none,187,86,1,1,1,red,none,0,7,0,7,0
200,199,null,Point,none,32,95,1,1,1,red,none,0,8,0,8,0
201,200,null,Point,none,151,48,1,1,1,red,none,0,9,0,9,0
202,201,null,Point,none,150,188,1,1,1,red,none,0,10,0,10,0
203,202,null,Point,none,133,44,1,1,1,red,none,0,9,0,9,0
204,203,null,Point,none,197,162,1,1,1,red,none,0,9,0,9,0
205,204,null,Point,none,54,137,1,1,1,red,none,0,7,0,7,0
206,205,null,Point,none,190,90,1,1,1,red,none,0,9,0,9,0
207,206,null,Point,none,101,177,1,1,1,red,none,0,9,0,9,0
208,207,null,Point,none,41,122,1,1,1,red,none,0,8,0,8,0
209,208,null,Point,none,172,187,1,1,1,red,none,0,10,0,10,0
210,209,null,Point,none,84,52,1,1,1,red,none,0,9,0,9,0
211,210,null,Point,none,158,51,1,1,1,red,none,0,8,0,8,0
212,211,null,Point,none,194,172,1,1,1,red,none,0,12,0,12,0
213,212,null,Point,none,78,164,1,1,1,red,none,0,8,0,8,0
214,213,null,Point,none,56,67,1,1,1,red,none,0,9,0,9,0
215,214,null,Point,none,165,188,1,1,1,red,none,0,10,0,10,0
216,215,null,Point,none,199,140,1,1,1,red,none,0,9,0,9,0
217,216,null,Point,none,29,107,1,1,1,red,none,0,10,0,10,0
218,217,null,Point,none,198,125,1,1,1,red,none,0,9,0,9,0
219,218,null,Point,none,185,179,1,1,1,red,none,0,8,0,8,0
220,219,null,Point,none,93,174,1,1,1,red,none,0,10,0,10,0
221,220,null,Point,none,29,94,1,1,1,red,none,0,11,0,11,0
222,221,null,Point,none,80,53,1,1,1,red,none,0,11,0,11,0
223,222,null,Point,none,199,159,1,1,1,red,none,0,12,0,12,0
224,223,null,Point,none,63,63,1,1,1,red,none,0,8,0,8,0
225,224,null,Point,none,172,59,1,1,1,red,none,0,9,0,9,0
226,225,null,Point,none,193,98,1,1,1,red,none,0,10,0,10,0
227,226,null,Point,none,197,165,1,1,1,red,none,0,11,0,11,0
228,227,null,Point,none,69,157,1,1,1,red,none,0,12,0,12,0
229,228,null,Point,none,197,118,1,1,1,red,none,0,10,0,10,0
230,229,null,Point,none,199,131,1,1,1,red,none,0,11,0,11,0
231,230,null,Point,none,111,181,1,1,1,red,none,0,12,0,12,0
232,231,null,Point,none,73,160,1,1,1,red,none,0,10,0,10,0
233,232,null,Point,none,176,63,1,1,1,red,none,0,11,0,11,0
234,233,null,Point,none,138,187,1,1,1,red,none,0,10,0,10,0
235,234,null,Point,none,64,153,1,1,1,red,none,0,10,0,10,0
236,235,null,Point,none,50,137,1,1,1,red,none,0,11,0,11,0
237,236,null,Point,none,187,105,1,1,1,red,none,0,17,0,17,0
238,237,null,Point,none,179,183,1,1,1,red,none,0,9,0,9,0
239,238,null,Point,none,32,111,1,1,1,red,none,0,9,0,9,0
240,239,null,Point,none,92,49,1,1,1,red,none,0,9,0,9,0
241,240,null,Point,none,124,184,1,1,1,red,none,0,10,0,10,0
242,241,null,Point,none,145,187,1,1,1,red,none,0,12,0,12,0
243,242,null,Point,none,54,141,1,1,1,red,none,0,9,0,9,0
244,243,null,Point,none,40,125,1,1,1,red,none,0,10,0,10,0
245,244,null,Point,none,138,44,1,1,1,red,none,0,11,0,11,0
246,245,null,Point,none,97,46,1,1,1,red,none,0,10,0,10,0
247,246,null,Point,none,111,44,1,1,1,red,none,0,12,0,12,0
248,247,null,Point,none,184,74,1,1,1,red,none,0,10,0,10,0
249,248,null,Point,none,106,180,1,1,1,red,none,0,10,0,10,0
250,249,null,Point,none,167,55,1,1,1,red,none,0,10,0,10,0
251,250,null,Point,none,73,57,1,1,1,red,none,0,12,0,12,0
252,251,null,Point,none,55,67,1,1,1,red,none,0,11,0,11,0
253,252,null,Point,none,88,49,1,1,1,red,none,0,11,0,11,0
254,253,null,Point,none,28,100,1,1,1,red,none,0,12,0,12,0
255,254,null,Point,none,191,92,1,1,1,red,none,0,12,0,12,0
256,255,null,Point,none,79,165,1,1,1,red,none,0,11,0,11,0
257,256,null,Point,none,200,138,1,1,1,red,none,0,11,0,11,0
258,257,null,Point,none,200,151,1,1,1,red,none,0,12,0,12,0
259,258,null,Point,none,94,174,1,1,1,red,none,0,13,0,13,0
260,259,null,Point,none,117,45,1,1,1,red,none,0,13,0,13,0
261,260,null,Point,none,194,104,1,1,1,red,none,0,12,0,12,0
262,261,null,Point,none,196,165,1,1,1,red,none,0,13,0,13,0
263,262,null,Point,none,159,51,1,1,1,red,none,0,13,0,13,0
264,263,null,Point,none,65,152,1,1,1,red,none,0,13,0,13,0
265,264,null,Point,none,36,121,1,1,1,red,none,0,12,0,12,0
266,265,null,Point,none,31,87,1,1,1,red,none,0,12,0,12,0
267,266,null,Point,none,118,183,1,1,1,red,none,0,11,0,11,0
268,267,null,Point,none,145,46,1,1,1,red,none,0,11,0,11,0
269,268,null,Point,none,199,136,1,1,1,red,none,0,13,0,13,0
270,269,null,Point,none,178,185,1,1,1,red,none,0,11,0,11,0
271,270,null,Point,none,109,178,1,1,1,red,none,0,15,0,15,0
272,271,null,Point,none,72,156,1,1,1,red,none,0,14,0,14,0
273,272,null,Point,none,55,141,1,1,1,red,none,0,14,0,14,0
274,273,null,Point,none,29,108,1,1,1,red,none,0,13,0,13,0
275,274,null,Point,none,180,68,1,1,1,red,none,0,11,0,11,0
276,275,null,Point,none,46,132,1,1,1,red,none,0,13,0,13,0
277,276,null,Point,none,124,44,1,1,1,red,none,0,13,0,13,0
278,277,null,Point,none,89,170,1,1,1,red,none,0,14,0,14,0
279,278,null,Point,none,41,77,1,1,1,red,none,0,13,0,13,0
280,279,null,Point,none,92,48,1,1,1,red,none,0,13,0,13,0
281,280,null,Point,none,192,172,1,1,1,red,none,0,14,0,14,0
282,281,null,Point,none,171,59,1,1,1,red,none,0,12,0,12,0
283,282,null,Point,none,186,79,1,1,1,red,none,0,12,0,12,0
284,283,null,Point,none,198,124,1,1,1,red,none,0,12,0,12,0
285,284,null,Point,none,102,177,1,1,1,red,none,0,14,0,14,0
286,285,null,Point,none,41,126,1,1,1,red,none,0,13,0,13,0
287,286,null,Point,none,35,82,1,1,1,red,none,0,13,0,13,0
288,287,null,Point,none,52,70,1,1,1,red,none,0,13,0,13,0
289,288,null,Point,none,198,149,1,1,1,red,none,0,15,0,15,0
290,289,null,Point,none,188,91,1,1,1,red,none,0,14,0,14,0
291,290,null,Point,none,60,148,1,1,1,red,none,0,12,0,12,0
292,291,null,Point,none,79,161,1,1,1,red,none,0,15,0,15,0
293,292,null,Point,none,137,46,1,1,1,red,none,0,13,0,13,0
294,293,null,Point,none,161,188,1,1,1,red,none,0,12,0,12,0
295,294,null,Point,none,157,186,1,1,1,red,none,0,14,0,14,0
296,295,null,Point,none,164,57,1,1,1,red,none,0,15,0,15,0
297,296,null,Point,none,124,181,1,1,1,red,none,0,15,0,15,0
298,297,null,Point,none,84,54,1,1,1,red,none,0,15,0,15,0
299,298,null,Point,none,103,49,1,1,1,red,none,0,15,0,15,0
300,299,null,Point,none,186,178,1,1,1,red,none,0,15,0,15,0
301,300,null,Point,none,33,87,1,1,1,red,none,0,14,0,14,0
302,301,null,Point,none,187,84,1,1,1,red,none,0,13,0,13,0
303,302,null,Point,none,117,182,1,1,1,red,none,0,14,0,14,0
304,303,null,Point,none,73,59,1,1,1,red,none,0,14,0,14,0
305,304,null,Point,none,178,181,1,1,1,red,none,0,15,0,15,0
306,305,null,Point,none,131,183,1,1,1,red,none,0,14,0,14,0
307,306,null,Point,none,122,47,1,1,1,red,none,0,15,0,15,0
308,307,null,Point,none,193,111,1,1,1,red,none,0,14,0,14,0
309,308,null,Point,none,46,129,1,1,1,red,none,0,15,0,15,0
310,309,null,Point,none,156,54,1,1,1,red,none,0,15,0,15,0
311,310,null,Point,none,168,63,1,1,1,red,none,0,17,0,17,0
312,311,null,Point,none,198,157,1,1,1,red,none,0,14,0,14,0
313,312,null,Point,none,36,119,1,1,1,red,none,0,14,0,14,0
314,313,null,Point,none,194,158,1,1,1,red,none,0,16,0,16,0
315,314,null,Point,none,78,55,1,1,1,red,none,0,14,0,14,0
316,315,null,Point,none,188,119,1,1,1,red,none,0,17,0,17,0
317,316,null,Point,none,30,105,1,1,1,red,none,0,15,0,15,0
318,317,null,Point,none,128,49,1,1,1,red,none,0,16,0,16,0
319,318,null,Point,none,174,81,1,1,1,red,none,0,18,0,18,0
320,319,null,Point,none,184,86,1,1,1,red,none,0,16,0,16,0
321,320,null,Point,none,190,105,1,1,1,red,none,0,15,0,15,0
322,321,null,Point,none,195,147,1,1,1,red,none,0,17,0,17,0
323,322,null,Point,none,163,182,1,1,1,red,none,0,16,0,16,0
324,323,null,Point,none,136,181,1,1,1,red,none,0,16,0,16,0
325,324,null,Point,none,38,82,1,1,1,red,none,0,15,0,15,0
326,325,null,Point,none,58,74,1,1,1,red,none,0,17,0,17,0
327,326,null,Point,none,86,58,1,1,1,red,none,0,17,0,17,0
328,327,null,Point,none,101,53,1,1,1,red,none,0,17,0,17,0
329,328,null,Point,none,149,51,1,1,1,red,none,0,15,0,15,0
330,329,null,Point,none,159,59,1,1,1,red,none,0,17,0,17,0
331,330,null,Point,none,189,160,1,1,1,red,none,0,18,0,18,0
332,331,null,Point,none,103,173,1,1,1,red,none,0,16,0,16,0
333,332,null,Point,none,91,167,1,1,1,red,none,0,16,0,16,0
334,333,null,Point,none,37,115,1,1,1,red,none,0,16,0,16,0
335,334,null,Point,none,34,108,1,1,1,red,none,0,17,0,17,0
336,335,null,Point,none,63,68,1,1,1,red,none,0,17,0,17,0
337,336,null,Point,none,68,64,1,1,1,red,none,0,16,0,16,0
338,337,null,Point,none,121,51,1,1,1,red,none,0,17,0,17,0
339,338,null,Point,none,167,69,1,1,1,red,none,0,18,0,18,0
340,339,null,Point,none,192,126,1,1,1,red,none,0,17,0,17,0
341,340,null,Point,none,191,133,1,1,1,red,none,0,18,0,18,0
342,341,null,Point,none,67,150,1,1,1,red,none,0,15,0,15,0
343,342,null,Point,none,39,103,1,1,1,red,none,0,18,0,18,0
344,343,null,Point,none,151,56,1,1,1,red,none,0,17,0,17,0
345,344,null,Point,none,179,87,1,1,1,red,none,0,17,0,17,0
346,345,null,Point,none,182,99,1,1,1,red,none,0,17,0,17,0
347,346,null,Point,none,181,161,1,1,1,red,none,0,18,0,18,0
348,347,null,Point,none,167,172,1,1,1,red,none,0,18,0,18,0
349,348,null,Point,none,161,178,1,1,1,red,none,0,18,0,18,0
350,349,null,Point,none,153,182,1,1,1,red,none,0,16,0,16,0
351,350,null,Point,none,80,157,1,1,1,red,none,0,17,0,17,0
352,351,null,Point,none,49,85,1,1,1,red,none,0,18,0,18,0
353,352,null,Point,none,57,81,1,1,1,red,none,0,18,0,18,0
354,353,null,Point,none,83,65,1,1,1,red,none,0,18,0,18,0
355,354,null,Point,none,93,61,1,1,1,red,none,0,18,0,18,0
356,355,null,Point,none,108,50,1,1,1,red,none,0,17,0,17,0
357,356,null,Point,none,126,55,1,1,1,red,none,0,18,0,18,0
358,357,null,Point,none,113,169,1,1,1,red,none,0,18,0,18,0
359,358,null,Point,none,98,168,1,1,1,red,none,0,17,0,17,0
360,359,null,Point,none,74,153,1,1,1,red,none,0,17,0,17,0
361,360,null,Point,none,53,126,1,1,1,red,none,0,18,0,18,0
362,361,null,Point,none,46,106,1,1,1,red,none,0,19,0,19,0
363,362,null,Point,none,76,70,1,1,1,red,none,0,18,0,18,0
364,363,null,Point,none,159,66,1,1,1,red,none,0,18,0,18,0
365,364,null,Point,none,167,77,1,1,1,red,none,0,18,0,18,0
366,365,null,Point,none,181,108,1,1,1,red,none,0,18,0,18,0
367,366,null,Point,none,179,130,1,1,1,red,none,0,19,0,19,0
368,367,null,Point,none,93,163,1,1,1,red,none,0,17,0,17,0
369,368,null,Point,none,51,100,1,1,1,red,none,0,19,0,19,0
370,369,null,Point,none,63,86,1,1,1,red,none,0,19,0,19,0
371,370,null,Point,none,120,59,1,1,1,red,none,0,18,0,18,0
372,371,null,Point,none,167,84,1,1,1,red,none,0,19,0,19,0
373,372,null,Point,none,177,94,1,1,1,red,none,0,18,0,18,0
374,373,null,Point,none,174,136,1,1,1,red,none,0,19,0,19,0
375,374,null,Point,none,170,151,1,1,1,red,none,0,18,0,18,0
376,375,null,Point,none,169,159,1,1,1,red,none,0,19,0,19,0
377,376,null,Point,none,154,166,1,1,1,red,none,0,19,0,19,0
378,377,null,Point,none,147,166,1,1,1,red,none,0,18,0,18,0
379,378,null,Point,none,83,151,1,1,1,red,none,0,18,0,18,0
380,379,null,Point,none,52,119,1,1,1,red,none,0,18,0,18,0
381,380,null,Point,none,49,93,1,1,1,red,none,0,19,0,19,0
382,381,null,Point,none,80,76,1,1,1,red,none,0,18,0,18,0
383,382,null,Point,none,91,68,1,1,1,red,none,0,18,0,18,0
384,383,null,Point,none,99,68,1,1,1,red,none,0,18,0,18,0
385,384,null,Point,none,127,165,1,1,1,red,none,0,19,0,19,0
386,385,null,Point,none,115,162,1,1,1,red,none,0,19,0,19,0
387,386,null,Point,none,66,136,1,1,1,red,none,0,18,0,18,0
388,387,null,Point,none,58,115,1,1,1,red,none,0,19,0,19,0
389,388,null,Point,none,144,68,1,1,1,red,none,0,19,0,19,0
390,389,null,Point,none,154,78,1,1,1,red,none,0,19,0,19,0
391,390,null,Point,none,168,103,1,1,1,red,none,0,18,0,18,0
392,391,null,Point,none,171,117,1,1,1,red,none,0,18,0,18,0
393,392,null,Point,none,171,129,1,1,1,red,none,0,18,0,18,0
394,393,null,Point,none,163,148,1,1,1,red,none,0,18,0,18,0
395,394,null,Point,none,157,159,1,1,1,red,none,0,18,0,18,0
396,395,null,Point,none,95,156,1,1,1,red,none,0,18,0,18,0
397,396,null,Point,none,71,124,1,1,1,red,none,0,19,0,19,0
398,397,null,Point,none,60,94,1,1,1,red,none,0,19,0,19,0
399,398,null,Point,none,70,86,1,1,1,red,none,0,18,0,18,0
400,399,null,Point,none,161,90,1,1,1,red,none,0,18,0,18,0
401,400,null,Point,none,169,143,1,1,1,red,none,0,18,0,18,0
402,401,null,Point,none,149,159,1,1,1,red,none,0,18,0,18,0
403,402,null,Point,none,135,163,1,1,1,red,none,0,19,0,19,0
404,403,null,Point,none,85,144,1,1,1,red,none,0,19,0,19,0
405,404,null,Point,none,81,89,1,1,1,red,none,0,18,0,18,0
406,405,null,Point,none,85,82,1,1,1,red,none,0,18,0,18,0
407,406,null,Point,none,103,76,1,1,1,red,none,0,18,0,18,0
408,407,null,Point,none,110,73,1,1,1,red,none,0,18,0,18,0
409,408,null,Point,none,129,158,1,1,1,red,none,0,18,0,18,0
410,409,null,Point,none,114,154,1,1,1,red,none,0,18,0,18,0
411,410,null,Point,none,85,131,1,1,1,red,none,0,18,0,18,0
412,411,null,Point,none,69,111,1,1,1,red,none,0,18,0,18,0
413,412,null,Point,none,130,75,1,1,1,red,none,0,18,0,18,0
414,413,null,Point,none,139,80,1,1,1,red,none,0,18,0,18,0
415,414,null,Point,none,161,106,1,1,1,red,none,0,18,0,18,0
416,415,null,Point,none,160,114,1,1,1,red,none,0,18,0,18,0
417,416,null,Point,none,159,121,1,1,1,red,none,0,18,0,18,0
418,417,null,Point,none,161,141,1,1,1,red,none,0,18,0,18,0
419,418,null,Point,none,146,147,1,1,1,red,none,0,18,0,18,0
420,419,null,Point,none,105,146,1,1,1,red,none,0,18,0,18,0
421,420,null,Point,none,86,123,1,1,1,red,none,0,18,0,18,0
422,421,null,Point,none,72,103,1,1,1,red,none,0,18,0,18,0
423,422,null,Point,none,116,78,1,1,1,red,none,0,18,0,18,0
424,423,null,Point,none,148,90,1,1,1,red,none,0,18,0,18,0
425,424,null,Point,none,138,147,1,1,1,red,none,0,18,0,18,0
426,425,null,Point,none,90,138,1,1,1,red,none,0,18,0,18,0
427,426,null,Point,none,89,89,1,1,1,red,none,0,18,0,18,0
428,427,null,Point,none,101,83,1,1,1,red,none,0,18,0,18,0
429,428,null,Point,none,108,81,1,1,1,red,none,0,18,0,18,0
430,429,null,Point,none,124,145,1,1,1,red,none,0,18,0,18,0
431,430,null,Point,none,112,142,1,1,1,red,none,0,18,0,18,0
432,431,null,Point,none,93,131,1,1,1,red,none,0,18,0,18,0
433,432,null,Point,none,77,110,1,1,1,red,none,0,18,0,18,0
434,433,null,Point,none,84,96,1,1,1,red,none,0,18,0,18,0
435,434,null,Point,none,132,83,1,1,1,red,none,0,18,0,18,0
436,435,null,Point,none,147,97,1,1,1,red,none,0,18,0,18,0
437,436,null,Point,none,154,110,1,1,1,red,none,0,18,0,18,0
438,437,null,Point,none,153,126,1,1,1,red,none,0,18,0,18,0
439,438,null,Point,none,149,132,1,1,1,red,none,0,18,0,18,0
440,439,null,Point,none,106,138,1,1,1,red,none,0,18,0,18,0
441,440,null,Point,none,125,88,1,1,1,red,none,0,18,0,18,0
442,441,null,Point,none,139,95,1,1,1,red,none,0,18,0,18,0
443,442,null,Point,none,139,139,1,1,1,red,none,0,18,0,18,0
444,443,null,Point,none,94,123,1,1,1,red,none,0,18,0,18,0
445,444,null,Point,none,88,103,1,1,1,red,none,0,18,0,18,0
446,445,null,Point,none,101,96,1,1,1,red,none,0,18,0,18,0
447,446,null,Point,none,108,92,1,1,1,red,none,0,18,0,18,0
448,447,null,Point,none,133,135,1,1,1,red,none,0,18,0,18,0
449,448,null,Point,none,118,136,1,1,1,red,none,0,18,0,18,0
450,449,null,Point,none,103,130,1,1,1,red,none,0,18,0,18,0
451,450,null,Point,none,140,103,1,1,1,red,none,0,18,0,18,0
452,451,null,Point,none,142,117,1,1,1,red,none,0,18,0,18,0
453,452,null,Point,none,146,124,1,1,1,red,none,0,18,0,18,0
454,453,null,Point,none,119,92,1,1,1,red,none,0,18,0,18,0
455,454,null,Point,none,126,96,1,1,1,red,none,0,18,0,18,0
456,455,null,Point,none,99,115,1,1,1,red,none,0,18,0,18,0
457,456,null,Point,none,102,107,1,1,1,red,none,0,18,0,18,0
458,457,null,Point,none,107,101,1,1,1,red,none,0,18,0,18,0
459,458,null,Point,none,127,122,1,1,1,red,none,0,18,0,18,0
460,459,null,Point,none,118,128,1,1,1,red,none,0,18,0,18,0
461,460,null,Point,none,130,107,1,1,1,red,none,0,18,0,18,0
462,461,null,Point,none,133,117,1,1,1,red,none,0,18,0,18,0
463,462,null,Point,none,115,113,1,1,1,red,none,0,18,0,18,0
464,463,null,Point,none,123,103,1,1,1,red,none,0,18,0,18,0
465,464,null,Point,none,106,107,1,1,1,red,none,0,1,0,1,0
466,465,null,Point,none,136,110,1,1,1,red,none,0,1,0,1,0
467,466,null,Point,none,111,120,1,1,1,red,none,0,1,0,1,0
468,467,null,Point,none,125,93,1,1,1,red,none,0,1,0,1,0
469,468,null,Point,none,148,99,1,1,1,red,none,0,1,0,1,0
470,469,null,Point,none,153,136,1,1,1,red,none,0,1,0,1,0
471,470,null,Point,none,156,100,1,1,1,red,none,0,1,0,1,0
472,471,null,Point,none,103,140,1,1,1,red,none,0,1,0,1,0
473,472,null,Point,none,128,68,1,1,1,red,none,0,1,0,1,0
474,473,null,Point,none,161,134,1,1,1,red,none,0,1,0,1,0
475,474,null,Point,none,112,156,1,1,1,red,none,0,1,0,1,0
476,475,null,Point,none,96,155,1,1,1,red,none,0,1,0,1,0
477,476,null,Point,none,157,67,1,1,1,red,none,0,2,0,2,0
478,477,null,Point,none,127,173,1,1,1,red,none,0,2,0,2,0
479,478,null,Point,none,83,153,1,1,1,red,none,0,2,0,2,0
480,479,null,Point,none,87,61,1,1,1,red,none,0,3,0,3,0
481,480,null,Point,none,101,55,1,1,1,red,none,0,2,0,2,0
482,481,null,Point,none,167,90,1,1,1,red,none,0,1,0,1,0
483,482,null,Point,none,174,155,1,1,1,red,none,0,1,0,1,0
484,483,null,Point,none,103,172,1,1,1,red,none,0,5,0,5,0
485,484,null,Point,none,46,91,1,1,1,red,none,0,3,0,3,0
486,485,null,Point,none,73,75,1,1,1,red,none,0,1,0,1,0
487,486,null,Point,none,174,93,1,1,1,red,none,0,2,0,2,0
488,487,null,Point,none,72,143,1,1,1,red,none,0,2,0,2,0
489,488,null,Point,none,51,85,1,1,1,red,none,0,2,0,2,0
490,489,null,Point,none,152,61,1,1,1,red,none,0,2,0,2,0
491,490,null,Point,none,178,109,1,1,1,red,none,0,2,0,2,0
492,491,null,Point,none,116,176,1,1,1,red,none,0,5,0,5,0
493,492,null,Point,none,76,151,1,1,1,red,none,0,3,0,3,0
494,493,null,Point,none,69,71,1,1,1,red,none,0,3,0,3,0
495,494,null,Point,none,84,57,1,1,1,red,none,0,5,0,5,0
496,495,null,Point,none,107,52,1,1,1,red,none,0,4,0,4,0
497,496,null,Point,none,140,53,1,1,1,red,none,0,3,0,3,0
498,497,null,Point,none,184,92,1,1,1,red,none,0,5,0,5,0
499,498,null,Point,none,187,124,1,1,1,red,none,0,4,0,4,0
500,499,null,Point,none,178,161,1,1,1,red,none,0,2,0,2,0
501,500,null,Point,none,163,178,1,1,1,red,none,0,4,0,4,0
502,501,null,Point,none,120,47,1,1,1,red,none,0,6,0,6,0
503,502,null,Point,none,146,52,1,1,1,red,none,0,5,0,5,0
504,503,null,Point,none,180,96,1,1,1,red,none,0,4,0,4,0
505,504,null,Point,none,175,167,1,1,1,red,none,0,3,0,3,0
506,505,null,Point,none,151,182,1,1,1,red,none,0,5,0,5,0
507,506,null,Point,none,137,180,1,1,1,red,none,0,5,0,5,0
508,507,null,Point,none,134,50,1,1,1,red,none,0,4,0,4,0
509,508,null,Point,none,109,176,1,1,1,red,none,0,6,0,6,0
510,509,null,Point,none,56,133,1,1,1,red,none,0,5,0,5,0
511,510,null,Point,none,159,55,1,1,1,red,none,0,6,0,6,0
512,511,null,Point,none,192,114,1,1,1,red,none,0,6,0,6,0
513,512,null,Point,none,192,165,1,1,1,red,none,0,7,0,7,0
514,513,null,Point,none,195,134,1,1,1,red,none,0,7,0,7,0
515,514,null,Point,none,190,146,1,1,1,red,none,0,5,0,5,0
516,515,null,Point,none,135,184,1,1,1,red,none,0,7,0,7,0
517,516,null,Point,none,50,131,1,1,1,red,none,0,7,0,7,0
518,517,null,Point,none,55,73,1,1,1,red,none,0,5,0,5,0
519,518,null,Point,none,103,49,1,1,1,red,none,0,6,0,6,0
520,519,null,Point,none,180,77,1,1,1,red,none,0,6,0,6,0
521,520,null,Point,none,186,169,1,1,1,red,none,0,6,0,6,0
522,521,null,Point,none,187,100,1,1,1,red,none,0,6,0,6,0
523,522,null,Point,none,32,104,1,1,1,red,none,0,8,0,8,0
524,523,null,Point,none,87,52,1,1,1,red,none,0,7,0,7,0
525,524,null,Point,none,172,184,1,1,1,red,none,0,8,0,8,0
526,525,null,Point,none,63,70,1,1,1,red,none,0,5,0,5,0
527,526,null,Point,none,37,115,1,1,1,red,none,0,7,0,7,0
528,527,null,Point,none,169,60,1,1,1,red,none,0,7,0,7,0
529,528,null,Point,none,84,166,1,1,1,red,none,0,7,0,7,0
530,529,null,Point,none,120,44,1,1,1,red,none,0,8,0,8,0
531,530,null,Point,none,179,68,1,1,1,red,none,0,9,0,9,0
532,531,null,Point,none,115,180,1,1,1,red,none,0,7,0,7,0
533,532,null,Point,none,74,155,1,1,1,red,none,0,5,0,5,0
534,533,null,Point,none,36,108,1,1,1,red,none,0,6,0,6,0
535,534,null,Point,none,189,173,1,1,1,red,none,0,8,0,8,0
536,535,null,Point,none,143,186,1,1,1,red,none,0,9,0,9,0
537,536,null,Point,none,47,72,1,1,1,red,none,0,9,0,9,0
538,537,null,Point,none,49,135,1,1,1,red,none,0,9,0,9,0
539,538,null,Point,none,180,72,1,1,1,red,none,0,7,0,7,0
540,539,null,Point,none,188,82,1,1,1,red,none,0,9,0,9,0
541,540,null,Point,none,145,48,1,1,1,red,none,0,7,0,7,0
542,541,null,Point,none,140,45,1,1,1,red,none,0,8,0,8,0
543,542,null,Point,none,58,146,1,1,1,red,none,0,10,0,10,0
544,543,null,Point,none,191,99,1,1,1,red,none,0,8,0,8,0
545,544,null,Point,none,45,128,1,1,1,red,none,0,8,0,8,0
546,545,null,Point,none,99,47,1,1,1,red,none,0,8,0,8,0
547,546,null,Point,none,127,183,1,1,1,red,none,0,8,0,8,0
548,547,null,Point,none,106,46,1,1,1,red,none,0,8,0,8,0
549,548,null,Point,none,164,55,1,1,1,red,none,0,8,0,8,0
550,549,null,Point,none,194,169,1,1,1,red,none,0,9,0,9,0
551,550,null,Point,none,84,168,1,1,1,red,none,0,9,0,9,0
552,551,null,Point,none,53,71,1,1,1,red,none,0,7,0,7,0
553,552,null,Point,none,36,118,1,1,1,red,none,0,9,0,9,0
554,553,null,Point,none,200,155,1,1,1,red,none,0,10,0,10,0
555,554,null,Point,none,62,63,1,1,1,red,none,0,11,0,11,0
556,555,null,Point,none,194,105,1,1,1,red,none,0,10,0,10,0
557,556,null,Point,none,155,49,1,1,1,red,none,0,11,0,11,0
558,557,null,Point,none,29,100,1,1,1,red,none,0,9,0,9,0
559,558,null,Point,none,198,147,1,1,1,red,none,0,8,0,8,0
560,559,null,Point,none,113,182,1,1,1,red,none,0,10,0,10,0
561,560,null,Point,none,176,64,1,1,1,red,none,0,13,0,13,0
562,561,null,Point,none,132,186,1,1,1,red,none,0,12,0,12,0
563,562,null,Point,none,55,143,1,1,1,red,none,0,12,0,12,0
564,563,null,Point,none,45,131,1,1,1,red,none,0,11,0,11,0
565,564,null,Point,none,184,181,1,1,1,red,none,0,11,0,11,0
566,565,null,Point,none,153,188,1,1,1,red,none,0,12,0,12,0
567,566,null,Point,none,131,43,1,1,1,red,none,0,11,0,11,0
568,567,null,Point,none,42,75,1,1,1,red,none,0,11,0,11,0
569,568,null,Point,none,165,55,1,1,1,red,none,0,13,0,13,0
570,569,null,Point,none,68,60,1,1,1,red,none,0,10,0,10,0
571,570,null,Point,none,37,80,1,1,1,red,none,0,10,0,10,0
572,571,null,Point,none,82,166,1,1,1,red,none,0,13,0,13,0
573,572,null,Point,none,200,144,1,1,1,red,none,0,13,0,13,0
574,573,null,Point,none,87,171,1,1,1,red,none,0,11,0,11,0
575,574,null,Point,none,195,111,1,1,1,red,none,0,11,0,11,0
576,575,null,Point,none,29,93,1,1,1,red,none,0,13,0,13,0
577,576,null,Point,none,161,52,1,1,1,red,none,0,10,0,10,0
578,577,null,Point,none,174,185,1,1,1,red,none,0,13,0,13,0
579,578,null,Point,none,75,161,1,1,1,red,none,0,12,0,12,0
580,579,null,Point,none,32,114,1,1,1,red,none,0,12,0,12,0
581,580,null,Point,none,119,43,1,1,1,red,none,0,11,0,11,0
582,581,null,Point,none,158,188,1,1,1,red,none,0,10,0,10,0
583,582,null,Point,none,95,50,1,1,1,red,none,0,15,0,15,0
584,583,null,Point,none,151,49,1,1,1,red,none,0,13,0,13,0
585,584,null,Point,none,188,172,1,1,1,red,none,0,16,0,16,0
586,585,null,Point,none,67,61,1,1,1,red,none,0,13,0,13,0
587,586,null,Point,none,189,86,1,1,1,red,none,0,11,0,11,0
588,587,null,Point,none,100,177,1,1,1,red,none,0,11,0,11,0
589,588,null,Point,none,191,98,1,1,1,red,none,0,13,0,13,0
590,589,null,Point,none,174,66,1,1,1,red,none,0,16,0,16,0
591,590,null,Point,none,166,186,1,1,1,red,none,0,14,0,14,0
592,591,null,Point,none,149,186,1,1,1,red,none,0,14,0,14,0
593,592,null,Point,none,85,51,1,1,1,red,none,0,13,0,13,0
594,593,null,Point,none,101,46,1,1,1,red,none,0,13,0,13,0
595,594,null,Point,none,179,72,1,1,1,red,none,0,15,0,15,0
596,595,null,Point,none,183,79,1,1,1,red,none,0,14,0,14,0
597,596,null,Point,none,116,178,1,1,1,red,none,0,16,0,16,0
598,597,null,Point,none,143,48,1,1,1,red,none,0,14,0,14,0
599,598,null,Point,none,171,182,1,1,1,red,none,0,15,0,15,0
600,599,null,Point,none,32,113,1,1,1,red,none,0,14,0,14,0
601,600,null,Point,none,189,112,1,1,1,red,none,0,16,0,16,0
602,601,null,Point,none,51,136,1,1,1,red,none,0,15,0,15,0
603,602,null,Point,none,109,46,1,1,1,red,none,0,14,0,14,0
604,603,null,Point,none,170,60,1,1,1,red,none,0,14,0,14,0
605,604,null,Point,none,195,133,1,1,1,red,none,0,16,0,16,0
606,605,null,Point,none,196,117,1,1,1,red,none,0,13,0,13,0
607,606,null,Point,none,134,53,1,1,1,red,none,0,17,0,17,0
608,607,null,Point,none,174,73,1,1,1,red,none,0,17,0,17,0
609,608,null,Point,none,179,79,1,1,1,red,none,0,17,0,17,0
610,609,null,Point,none,37,95,1,1,1,red,none,0,18,0,18,0
611,610,null,Point,none,43,98,1,1,1,red,none,0,18,0,18,0
612,611,null,Point,none,172,88,1,1,1,red,none,0,18,0,18,0
613,612,null,Point,none,187,98,1,1,1,red,none,0,16,0,16,0
614,613,null,Point,none,42,90,1,1,1,red,none,0,18,0,18,0
615,614,null,Point,none,79,59,1,1,1,red,none,0,16,0,16,0
616,615,null,Point,none,160,74,1,1,1,red,none,0,19,0,19,0
617,616,null,Point,none,178,115,1,1,1,red,none,0,18,0,18,0
618,617,null,Point,none,159,171,1,1,1,red,none,0,18,0,18,0
619,618,null,Point,none,88,157,1,1,1,red,none,0,18,0,18,0
620,619,null,Point,none,87,75,1,1,1,red,none,0,18,0,18,0
621,620,null,Point,none,120,167,1,1,1,red,none,0,18,0,18,0
622,621,null,Point,none,107,159,1,1,1,red,none,0,19,0,19,0
623,622,null,Point,none,174,109,1,1,1,red,none,0,18,0,18,0
624,623,null,Point,none,166,124,1,1,1,red,none,0,18,0,18,0
625,624,null,Point,none,93,83,1,1,1,red,none,0,18,0,18,0
626,625,null,Point,none,95,75,1,1,1,red,none,0,18,0,18,0
627,626,null,Point,none,122,153,1,1,1,red,none,0,18,0,18,0
628,627,null,Point,none,167,111,1,1,1,red,none,0,18,0,18,0
629,628,null,Point,none,98,137,1,1,1,red,none,0,18,0,18,0
630,629,null,Point,none,97,90,1,1,1,red,none,0,18,0,18,0
631,630,null,Point,none,151,118,1,1,1,red,none,0,18,0,18,0
632,631,null,Point,none,133,91,1,1,1,red,none,0,18,0,18,0
633,632,null,Point,none,92,96,1,1,1,red,none,0,18,0,18,0
634,633,null,Point,none,132,99,1,1,1,red,none,0,18,0,18,0
635,634,null,Point,none,118,121,1,1,1,red,none,0,1,0,1,0
636,635,null,Point,none,141,117,1,1,1,red,none,0,1,0,1,0
637,636,null,Point,none,96,95,1,1,1,red,none,0,1,0,1,0
638,637,null,Point,none,137,124,1,1,1,red,none,0,1,0,1,0
639,638,null,Point,none,98,119,1,1,1,red,none,0,1,0,1,0
640,639,null,Point,none,110,81,1,1,1,red,none,0,1,0,1,0
641,640,null,Point,none,135,88,1,1,1,red,none,0,1,0,1,0
642,641,null,Point,none,87,137,1,1,1,red,none,0,1,0,1,0
643,642,null,Point,none,115,149,1,1,1,red,none,0,1,0,1,0
644,643,null,Point,none,123,76,1,1,1,red,none,0,1,0,1,0
645,644,null,Point,none,152,86,1,1,1,red,none,0,1,0,1,0
646,645,null,Point,none,160,120,1,1,1,red,none,0,1,0,1,0
647,646,null,Point,none,131,157,1,1,1,red,none,0,1,0,1,0
648,647,null,Point,none,100,68,1,1,1,red,none,0,1,0,1,0
649,648,null,Point,none,106,64,1,1,1,red,none,0,1,0,1,0
650,649,null,Point,none,144,62,1,1,1,red,none,0,1,0,1,0
651,650,null,Point,none,157,80,1,1,1,red,none,0,1,0,1,0
652,651,null,Point,none,123,55,1,1,1,red,none,0,2,0,2,0
653,652,null,Point,none,143,71,1,1,1,red,none,0,1,0,1,0
654,653,null,Point,none,159,155,1,1,1,red,none,0,1,0,1,0
655,654,null,Point,none,67,129,1,1,1,red,none,0,1,0,1,0
656,655,null,Point,none,63,84,1,1,1,red,none,0,1,0,1,0
657,656,null,Point,none,185,142,1,1,1,red,none,0,3,0,3,0
658,657,null,Point,none,151,173,1,1,1,red,none,0,2,0,2,0
659,658,null,Point,none,91,167,1,1,1,red,none,0,5,0,5,0
660,659,null,Point,none,92,163,1,1,1,red,none,0,3,0,3,0
661,660,null,Point,none,32,88,1,1,1,red,none,0,9,0,9,0
662,661,null,Point,none,37,83,1,1,1,red,none,0,8,0,8,0
663,662,null,Point,none,37,89,1,1,1,red,none,0,6,0,6,0
664,663,null,Point,none,125,184,1,1,1,red,none,0,12,0,12,0
665,664,null,Point,none,197,141,1,1,1,red,none,0,15,0,15,0
666,665,null,Point,none,180,169,1,1,1,red,none,0,18,0,18,0
667,666,null,Point,none,169,178,1,1,1,red,none,0,17,0,17,0
668,667,null,Point,none,122,177,1,1,1,red,none,0,17,0,17,0
669,668,null,Point,none,110,174,1,1,1,red,none,0,17,0,17,0
670,669,null,Point,none,184,137,1,1,1,red,none,0,18,0,18,0
671,670,null,Point,none,173,166,1,1,1,red,none,0,19,0,19,0
672,671,null,Point,none,124,65,1,1,1,red,none,0,19,0,19,0
673,672,null,Point,none,126,172,1,1,1,red,none,0,18,0,18,0
674,673,null,Point,none,63,143,1,1,1,red,none,0,17,0,17,0
675,674,null,Point,none,186,128,1,1,1,red,none,0,18,0,18,0
676,675,null,Point,none,85,162,1,1,1,red,none,0,16,0,16,0
677,676,null,Point,none,56,89,1,1,1,red,none,0,19,0,19,0
678,677,null,Point,none,100,60,1,1,1,red,none,0,18,0,18,0
679,678,null,Point,none,147,82,1,1,1,red,none,0,18,0,18,0
680,679,null,Point,none,153,152,1,1,1,red,none,0,18,0,18,0
681,680,null,Point,none,155,94,1,1,1,red,none,0,18,0,18,0
682,681,null,Point,none,166,135,1,1,1,red,none,0,18,0,18,0
683,682,null,Point,none,77,83,1,1,1,red,none,0,18,0,18,0
684,683,null,Point,none,162,98,1,1,1,red,none,0,18,0,18,0
685,684,null,Point,none,155,86,1,1,1,red,none,0,18,0,18,0
686,685,null,Point,none,132,142,1,1,1,red,none,0,18,0,18,0
687,686,null,Point,none,117,148,1,1,1,red,none,0,18,0,18,0
688,687,null,Point,none,111,132,1,1,1,red,none,0,18,0,18,0
689,688,null,Point,none,124,80,1,1,1,red,none,0,18,0,18,0
690,689,null,Point,none,113,86,1,1,1,red,none,0,18,0,18,0
691,690,null,Point,none,138,110,1,1,1,red,none,0,18,0,18,0
692,691,null,Point,none,146,112,1,1,1,red,none,0,18,0,18,0
693,692,null,Point,none,133,127,1,1,1,red,none,0,18,0,18,0
694,693,null,Point,none,114,97,1,1,1,red,none,0,18,0,18,0
695,694,null,Point,none,125,114,1,1,1,red,none,0,18,0,18,0
696,695,null,Point,none,115,105,1,1,1,red,none,0,18,0,18,0
697,696,null,Point,none,120,127,1,1,1,red,none,0,1,0,1,0
698,697,null,Point,none,141,95,1,1,1,red,none,0,1,0,1,0
699,698,null,Point,none,141,130,1,1,1,red,none,0,1,0,1,0
700,699,null,Point,none,92,114,1,1,1,red,none,0,1,0,1,0
701,700,null,Point,none,118,135,1,1,1,red,none,0,1,0,1,0
702,701,null,Point,none,92,89,1,1,1,red,none,0,1,0,1,0
703,702,null,Point,none,95,82,1,1,1,red,none,0,1,0,1,0
704,703,null,Point,none,83,124,1,1,1,red,none,0,1,0,1,0
705,704,null,Point,none,79,82,1,1,1,red,none,0,1,0,1,0
706,705,null,Point,none,88,73,1,1,1,red,none,0,1,0,1,0
707,706,null,Point,none,172,126,1,1,1,red,none,0,1,0,1,0
708,707,null,Point,none,147,156,1,1,1,red,none,0,1,0,1,0
709,708,null,Point,none,168,71,1,1,1,red,none,0,3,0,3,0
710,709,null,Point,none,197,155,1,1,1,red,none,0,8,0,8,0
711,710,null,Point,none,138,186,1,1,1,red,none,0,13,0,13,0
712,711,null,Point,none,41,123,1,1,1,red,none,0,15,0,15,0
713,712,null,Point,none,93,55,1,1,1,red,none,0,17,0,17,0
714,713,null,Point,none,191,153,1,1,1,red,none,0,18,0,18,0
715,714,null,Point,none,187,146,1,1,1,red,none,0,18,0,18,0
716,715,null,Point,none,184,154,1,1,1,red,none,0,18,0,18,0
717,716,null,Point,none,140,169,1,1,1,red,none,0,18,0,18,0
718,717,null,Point,none,153,63,1,1,1,red,none,0,18,0,18,0
719,718,null,Point,none,175,102,1,1,1,red,none,0,18,0,18,0
720,719,null,Point,none,122,73,1,1,1,red,none,0,18,0,18,0
721,720,null,Point,none,142,161,1,1,1,red,none,0,18,0,18,0
722,721,null,Point,none,116,67,1,1,1,red,none,0,18,0,18,0
723,722,null,Point,none,144,154,1,1,1,red,none,0,18,0,18,0
724,723,null,Point,none,126,130,1,1,1,red,none,0,18,0,18,0
725,724,null,Point,none,125,138,1,1,1,red,none,0,18,0,18,0
726,725,null,Point,none,102,123,1,1,1,red,none,0,18,0,18,0
727,726,null,Point,none,121,145,1,1,1,red,none,0,1,0,1,0
728,727,null,Point,none,145,137,1,1,1,red,none,0,1,0,1,0
729,728,null,Point,none,128,149,1,1,1,red,none,0,1,0,1,0
730,729,null,Point,none,74,89,1,1,1,red,none,0,1,0,1,0
731,730,null,Point,none,85,145,1,1,1,red,none,0,1,0,1,0
732,731,null,Point,none,65,99,1,1,1,red,none,0,1,0,1,0
733,732,null,Point,none,64,115,1,1,1,red,none,0,1,0,1,0
734,733,null,Point,none,169,97,1,1,1,red,none,0,1,0,1,0
735,734,null,Point,none,46,98,1,1,1,red,none,0,3,0,3,0
736,735,null,Point,none,57,70,1,1,1,red,none,0,15,0,15,0
737,736,null,Point,none,140,177,1,1,1,red,none,0,18,0,18,0
738,737,null,Point,none,47,125,1,1,1,red,none,0,17,0,17,0
739,738,null,Point,none,40,111,1,1,1,red,none,0,18,0,18,0
740,739,null,Point,none,107,58,1,1,1,red,none,0,18,0,18,0
741,740,null,Point,none,59,132,1,1,1,red,none,0,18,0,18,0
742,741,null,Point,none,169,95,1,1,1,red,none,0,19,0,19,0
743,742,null,Point,none,176,157,1,1,1,red,none,0,19,0,19,0
744,743,null,Point,none,147,174,1,1,1,red,none,0,18,0,18,0
745,744,null,Point,none,97,145,1,1,1,red,none,0,18,0,18,0
746,745,null,Point,none,65,100,1,1,1,red,none,0,18,0,18,0
747,746,null,Point,none,107,66,1,1,1,red,none,0,18,0,18,0
748,747,null,Point,none,79,126,1,1,1,red,none,0,18,0,18,0
749,748,null,Point,none,119,120,1,1,1,red,none,0,18,0,18,0
750,749,null,Point,none,112,96,1,1,1,red,none,0,1,0,1,0
751,750,null,Point,none,84,116,1,1,1,red,none,0,1,0,1,0
752,751,null,Point,none,77,119,1,1,1,red,none,0,1,0,1,0
753,752,null,Point,none,79,110,1,1,1,red,none,0,1,0,1,0
754,753,null,Point,none,73,134,1,1,1,red,none,0,1,0,1,0
755,754,null,Point,none,58,103,1,1,1,red,none,0,1,0,1,0
756,755,null,Point,none,51,102,1,1,1,red,none,0,2,0,2,0
757,756,null,Point,none,181,126,1,1,1,red,none,0,2,0,2,0
758,757,null,Point,none,52,110,1,1,1,red,none,0,2,0,2,0
759,758,null,Point,none,48,114,1,1,1,red,none,0,4,0,4,0
760,759,null,Point,none,50,74,1,1,1,red,none,0,15,0,15,0
761,760,null,Point,none,43,83,1,1,1,red,none,0,17,0,17,0
762,761,null,Point,none,68,71,1,1,1,red,none,0,18,0,18,0
763,762,null,Point,none,72,78,1,1,1,red,none,0,19,0,19,0
764,763,null,Point,none,64,78,1,1,1,red,none,0,18,0,18,0
765,764,null,Point,none,60,123,1,1,1,red,none,0,19,0,19,0
766,765,null,Point,none,136,155,1,1,1,red,none,0,18,0,18,0
767,766,null,Point,none,66,118,1,1,1,red,none,0,19,0,19,0
768,767,null,Point,none,138,73,1,1,1,red,none,0,19,0,19,0
769,768,null,Point,none,154,143,1,1,1,red,none,0,18,0,18,0
770,769,null,Point,none,85,110,1,1,1,red,none,0,18,0,18,0
771,770,null,Point,none,93,109,1,1,1,red,none,0,18,0,18,0
772,771,null,Point,none,156,113,1,1,1,red,none,0,1,0,1,0
773,772,null,Point,none,171,113,1,1,1,red,none,0,1,0,1,0
774,773,null,Point,none,54,121,1,1,1,red,none,0,3,0,3,0
775,774,null,Point,none,138,58,1,1,1,red,none,0,1,0,1,0
776,775,null,Point,none,166,168,1,1,1,red,none,0,2,0,2,0
777,776,null,Point,none,154,177,1,1,1,red,none,0,18,0,18,0
778,777,null,Point,none,48,113,1,1,1,red,none,0,18,0,18,0
779,778,null,Point,none,80,103,1,1,1,red,none,0,18,0,18,0
780,779,null,Point,none,76,96,1,1,1,red,none,0,18,0,18,0
781,780,null,Point,none,147,139,1,1,1,red,none,0,18,0,18,0
782,781,null,Point,none,53,108,1,1,1,red,none,0,19,0,19,0
783,782,null,Point,none,68,93,1,1,1,red,none,0,18,0,18,0
784,783,null,Point,none,144,150,1,1,1,red,none,0,1,0,1,0
785,784,null,Point,none,139,158,1,1,1,red,none,0,1,0,1,0
786,785,null,Point,none,122,168,1,1,1,red,none,0,1,0,1,0
787,786,null,Point,none,64,146,1,1,1,red,none,0,6,0,6,0
788,787,null,Point,none,108,117,1,1,1,red,none,0,18,0,18,0
789,788,null,Point,none,164,148,1,1,1,red,none,0,1,0,1,0
790,789,null,Point,none,146,75,1,1,1,red,none,0,19,0,19,0
791,790,null,Point,none,195,119,1,1,1,red,none,0,8,0,8,0
792,791,null,Point,none,32,94,1,1,1,red,none,0,16,0,16,0
793,792,null,Point,none,105,115,1,1,1,red,none,0,1,0,1,0
794,793,null,Point,none,76,68,1,1,1,red,none,0,2,0,2,0
795,794,null,Point,none,80,63,1,1,1,red,none,0,4,0,4,0
796,795,null,Point,none,124,86,1,1,1,red,none,0,1,0,1,0
797,796,null,Point,none,130,165,1,1,1,red,none,0,1,0,1,0
798,797,null,Point,none,92,65,1,1,1,red,none,0,1,0,1,0
799,798,null,Point,none,131,54,1,1,1,red,none,0,2,0,2,0
800,799,null,Point,none,75,56,1,1,1,red,none,0,9,0,9,0
801,800,null,Point,none,96,172,1,1,1,red,none,0,15,0,15,0
802,801,null,Point,none,192,166,1,1,1,red,none,0,16,0,16,0
803,802,null,Point,none,196,125,1,1,1,red,none,0,14,0,14,0
804,803,null,Point,none,107,73,1,1,1,red,none,0,1,0,1,0
805,804,null,Point,none,120,69,1,1,1,red,none,0,1,0,1,0
806,805,null,Point,none,42,119,1,1,1,red,none,0,17,0,17,0
807,806,null,Point,none,175,123,1,1,1,red,none,0,19,0,19,0
808,807,null,Point,none,100,162,1,1,1,red,none,0,18,0,18,0
809,808,null,Point,none,154,102,1,1,1,red,none,0,18,0,18,0
810,809,null,Point,none,141,131,1,1,1,red,none,0,18,0,18,0
811,810,null,Point,none,102,153,1,1,1,red,none,0,19,0,19,0
812,811,null,Point,none,96,102,1,1,1,red,none,0,18,0,18,0
813,812,null,Point,none,99,103,1,1,1,red,none,0,1,0,1,0
814,813,null,Point,none,164,127,1,1,1,red,none,0,1,0,1,0
815,814,null,Point,none,181,175,1,1,1,red,none,0,17,0,17,0
816,815,null,Point,none,163,165,1,1,1,red,none,0,19,0,19,0
817,816,null,Point,none,160,129,1,1,1,red,none,0,18,0,18,0
818,817,null,Point,none,130,150,1,1,1,red,none,0,18,0,18,0
819,818,null,Point,none,147,105,1,1,1,red,none,0,18,0,18,0
820,819,null,Point,none,109,109,1,1,1,red,none,0,18,0,18,0
821,820,null,Point,none,162,162,1,1,1,red,none,0,1,0,1,0
822,821,null,Point,none,193,140,1,1,1,red,none,0,17,0,17,0
823,822,null,Point,none,152,70,1,1,1,red,none,0,19,0,19,0
824,823,null,Point,none,61,134,1,1,1,red,none,0,4,0,4,0
825,824,null,Point,none,97,167,1,1,1,red,none,0,4,0,4,0
826,825,null,Point,none,178,149,1,1,1,red,none,0,19,0,19,0
827,826,null,Point,none,145,60,1,1,1,red,none,0,18,0,18,0
828,827,null,Point,none,41,103,1,1,1,red,none,0,4,0,4,0
829,828,null,Point,none,58,101,1,1,1,red,none,0,18,0,18,0
830,829,null,Point,none,42,110,1,1,1,red,none,0,5,0,5,0
831,830,null,Point,none,81,132,1,1,1,red,none,0,1,0,1,0
832,831,null,Point,none,126,140,1,1,1,red,none,0,1,0,1,0
833,832,null,Point,none,110,124,1,1,1,red,none,0,18,0,18,0
834,833,null,Point,none,57,138,1,1,1,red,none,0,17,0,17,0
835,834,null,Point,none,74,118,1,1,1,red,none,0,18,0,18,0
836,835,null,Point,none,181,138,1,1,1,red,none,0,2,0,2,0
837,836,null,Point,none,73,140,1,1,1,red,none,0,18,0,18,0
838,837,null,Point,none,194,150,1,1,1,red,none,0,6,0,6,0
839,838,null,Point,none,159,87,1,1,1,red,none,0,1,0,1,0
840,839,null,Point,none,156,136,1,1,1,red,none,0,18,0,18,0
841,840,null,Point,none,104,45,1,1,1,red,none,0,10,0,10,0
842,841,null,Point,none,189,178,1,1,1,red,none,0,12,0,12,0
843,842,null,Point,none,62,108,1,1,1,red,none,0,18,0,18,0
844,843,null,Point,none,126,120,1,1,1,red,none,0,1,0,1,0
845,844,null,Point,none,58,127,1,1,1,red,none,0,3,0,3,0
846,845,null,Point,none,129,179,1,1,1,red,none,0,16,0,16,0
847,846,null,Point,none,114,54,1,1,1,red,none,0,18,0,18,0
848,847,null,Point,none,105,168,1,1,1,red,none,0,18,0,18,0
849,848,null,Point,none,114,104,1,1,1,red,none,0,1,0,1,0
850,849,null,Point,none,61,146,1,1,1,red,none,0,14,0,14,0
851,850,null,Point,none,44,78,1,1,1,red,none,0,15,0,15,0
852,851,null,Point,none,131,68,1,1,1,red,none,0,19,0,19,0
853,852,null,Point,none,77,146,1,1,1,red,none,0,18,0,18,0
854,853,null,Point,none,113,44,1,1,1,red,none,0,9,0,9,0
855,854,null,Point,none,91,102,1,1,1,red,none,0,1,0,1,0
856,855,null,Point,none,80,95,1,1,1,red,none,0,1,0,1,0
857,856,null,Point,none,131,60,1,1,1,red,none,0,18,0,18,0
858,857,null,Point,none,132,186,1,1,1,red,none,0,9,0,9,0
859,858,null,Point,none,66,142,1,1,1,red,none,0,4,0,4,0
860,859,null,Point,none,192,106,1,1,1,red,none,0,7,0,7,0
861,860,null,Point,none,174,140,1,1,1,red,none,0,1,0,1,0
862,861,null,Point,none,80,137,1,1,1,red,none,0,19,0,19,0
863,862,null,Point,none,59,110,1,1,1,red,none,0,1,0,1,0
864,863,null,Point,none,73,132,1,1,1,red,none,0,19,0,19,0
865,864,null,Point,none,166,141,1,1,1,red,none,0,1,0,1,0
866,865,null,Point,none,161,81,1,1,1,red,none,0,19,0,19,0
867,866,null,Point,none,140,88,1,1,1,red,none,0,18,0,18,0
868,867,null,Point,none,126,45,1,1,1,red,none,0,7,0,7,0
869,868,null,Point,none,109,135,1,1,1,red,none,0,1,0,1,0
870,869,null,Point,none,146,180,1,1,1,red,none,0,17,0,17,0
871,870,null,Point,none,49,70,1,1,1,red,none,0,11,0,11,0
872,871,null,Point,none,81,117,1,1,1,red,none,0,18,0,18,0
873,872,null,Point,none,90,116,1,1,1,red,none,0,18,0,18,0
874,873,null,Point,none,90,150,1,1,1,red,none,0,19,0,19,0
875,874,null,Point,none,74,64,1,1,1,red,none,0,17,0,17,0
876,875,null,Point,none,50,78,1,1,1,red,none,0,17,0,17,0
877,876,null,Point,none,62,65,1,1,1,red,none,0,14,0,14,0
878,877,null,Point,none,193,118,1,1,1,red,none,0,15,0,15,0
879,878,null,Point,none,160,173,1,1,1,red,none,0,3,0,3,0
880,879,null,Point,none,138,123,1,1,1,red,none,0,18,0,18,0
881,880,null,Point,none,96,75,1,1,1,red,none,0,1,0,1,0
882,881,null,Point,none,52,132,1,1,1,red,none,0,17,0,17,0
883,882,null,Point,none,149,67,1,1,1,red,none,0,1,0,1,0
884,883,null,Point,none,149,143,1,1,1,red,none,0,1,0,1,0
885,884,null,Point,none,174,174,1,1,1,red,none,0,18,0,18,0
886,885,null,Point,none,72,97,1,1,1,red,none,0,1,0,1,0
887,886,null,Point,none,183,73,1,1,1,red,none,0,13,0,13,0
888,887,null,Point,none,154,161,1,1,1,red,none,0,1,0,1,0
889,888,null,Point,none,168,188,1,1,1,red,none,0,12,0,12,0
890,889,null,Point,none,65,128,1,1,1,red,none,0,18,0,18,0
891,890,null,Point,none,142,52,1,1,1,red,none,0,16,0,16,0
892,891,null,Point,none,163,155,1,1,1,red,none,0,18,0,18,0
893,892,null,Point,none,125,132,1,1,1,red,none,0,1,0,1,0
894,893,null,Point,none,144,171,1,1,1,red,none,0,1,0,1,0
895,894,null,Point,none,117,163,1,1,1,red,none,0,1,0,1,0
896,895,null,Point,none,113,67,1,1,1,red,none,0,1,0,1,0
897,896,null,Point,none,195,127,1,1,1,red,none,0,7,0,7,0
898,897,null,Point,none,142,79,1,1,1,red,none,0,1,0,1,0
899,898,null,Point,none,32,101,1,1,1,red,none,0,17,0,17,0
900,899,null,Point,none,182,182,1,1,1,red,none,0,13,0,13,0
901,900,null,Point,none,201,146,1,1,1,red,none,0,10,0,10,0
902,901,null,Point,none,187,167,1,1,1,red,none,0,18,0,18,0
903,902,null,Point,none,182,122,1,1,1,red,none,0,18,0,18,0
904,903,null,Point,none,167,182,1,1,1,red,none,0,6,0,6,0
905,904,null,Point,none,139,57,1,1,1,red,none,0,18,0,18,0
906,905,null,Point,none,138,64,1,1,1,red,none,0,19,0,19,0
907,906,null,Point,none,126,43,1,1,1,red,none,0,10,0,10,0
908,907,null,Point,none,178,142,1,1,1,red,none,0,19,0,19,0
909,908,null,Point,none,136,49,1,1,1,red,none,0,15,0,15,0
910,909,null,Point,none,70,146,1,1,1,red,none,0,17,0,17,0
911,910,null,Point,none,115,48,1,1,1,red,none,0,16,0,16,0
912,911,null,Point,none,143,184,1,1,1,red,none,0,15,0,15,0
913,912,null,Point,none,133,174,1,1,1,red,none,0,18,0,18,0
